ID,Area_m2
ID,Area_m2
ID,Area_m2
ID,Area_m2
ID,Area_m2
ID,Area_m2
ID,Area_m2
ID,Area_m2
ID,Area_m2
ID,Area_m2
ID,Area_m2
ID,Area_m2
ID,Area_m2
ID,Area_m2
ID,Area_m2
ID,Area_m2
ID,Area_m2
ID,Area_m2
ID,Area_m2
ID,Area_m2
ID,Area_m2
ID,Area_m2
ID,Area_m2
ID,Area_m2
ID,Area_m2
ID,Area_m2
ID,Area_m2
ID,Area_m2
ID,Area_m2
ID,Area_m2
ID,Area_m2
ID,Area_m2
ID,Area_m2
ID,Area_m2
ID,Area_m2
ID,Area_m2
ID,Area_m2
ID,Area_m2
ID,Area_m2
ID,Area_m2
ID,Area_m2
ID,Area_m2
ID,Area_m2
ID,Area_m2
ID,Area_m2
ID,Area_m2
ID,Area_m2
ID,Area_m2
ID,Area_m2
ID,Area_m2
ID,Area_m2
ID,Area_m2
ID,Area_m2
ID,Area_m2
ID,Area_m2
ID,Area_m2
ID,Area_m2
ID,Area_m2
ID,Area_m2
ID,Area_m2
ID,Area_m2
ID,Area_m2
ID,Area_m2
ID,Area_m2
ID,Area_m2
ID,Area_m2
ID,Area_m2
ID,Area_m2
ID,Area_m2
ID,Area_m2
ID,Area_m2
ID,Area_m2
ID,Area_m2
ID,Area_m2
ID,Area_m2
ID,Area_m2
ID,Area_m2
ID,Area_m2
ID,Area_m2
ID,Area_m2
ID,Area_m2
ID,Area_m2
ID,Area_m2
ID,Area_m2
ID,Area_m2
ID,Area_m2
ID,Area_m2
ID,Area_m2
ID,Area_m2
ID,Area_m2
ID,Area_m2
ID,Area_m2
ID,Area_m2
ID,Area_m2
ID,Area_m2
ID,Area_m2
ID,Area_m2
ID,Area_m2
ID,Area_m2
ID,Area_m2
ID,Area_m2
ID,Area_m2
ID,Area_m2
ID,Area_m2
ID,Area_m2
ID,Area_m2
ID,Area_m2
ID,Area_m2
ID,Area_m2
ID,Area_m2
ID,Area_m2
ID,Area_m2
ID,Area_m2
ID,Area_m2
ID,Area_m2
ID,Area_m2
ID,Area_m2
ID,Area_m2
ID,Area_m2
ID,Area_m2
ID,Area_m2
ID,Area_m2
ID,Area_m2
ID,Area_m2
ID,Area_m2
ID,Area_m2
ID,Area_m2
ID,Area_m2
ID,Area_m2
ID,Area_m2
ID,Area_m2
ID,Area_m2
ID,Area_m2
ID,Area_m2
ID,Area_m2
ID,Area_m2
ID,Area_m2
ID,Area_m2
ID,Area_m2
ID,Area_m2
ID,Area_m2
ID,Area_m2
ID,Area_m2
ID,Area_m2
ID,Area_m2
ID,Area_m2
ID,Area_m2
ID,Area_m2
ID,Area_m2
ID,Area_m2
ID,Area_m2
ID,Area_m2
ID,Area_m2
ID,Area_m2
ID,Area_m2
ID,Area_m2
ID,Area_m2
ID,Area_m2
ID,Area_m2
ID,Area_m2
ID,Area_m2
ID,Area_m2
ID,Area_m2
ID,Area_m2
ID,Area_m2
ID,Area_m2
ID,Area_m2
ID,Area_m2
ID,Area_m2
ID,Area_m2
ID,Area_m2
ID,Area_m2
ID,Area_m2
ID,Area_m2
ID,Area_m2
ID,Area_m2
ID,Area_m2
ID,Area_m2
ID,Area_m2
ID,Area_m2
ID,Area_m2
ID,Area_m2
ID,Area_m2
ID,Area_m2
ID,Area_m2
ID,Area_m2
ID,Area_m2
ID,Area_m2
ID,Area_m2
ID,Area_m2
ID,Area_m2
ID,Area_m2
ID,Area_m2
ID,Area_m2
ID,Area_m2
ID,Area_m2
ID,Area_m2
ID,Area_m2
ID,Area_m2
ID,Area_m2
ID,Area_m2
ID,Area_m2
ID,Area_m2
ID,Area_m2
ID,Area_m2
ID,Area_m2
ID,Area_m2
ID,Area_m2
ID,Area_m2
ID,Area_m2
ID,Area_m2
ID,Area_m2
ID,Area_m2
ID,Area_m2
ID,Area_m2
ID,Area_m2
ID,Area_m2
ID,Area_m2
ID,Area_m2
ID,Area_m2
ID,Area_m2
ID,Area_m2
ID,Area_m2
ID,Area_m2
ID,Area_m2
ID,Area_m2
ID,Area_m2
ID,Area_m2
ID,Area_m2
ID,Area_m2
ID,Area_m2
ID,Area_m2
ID,Area_m2
ID,Area_m2
ID,Area_m2
ID,Area_m2
ID,Area_m2
ID,Area_m2
ID,Area_m2
ID,Area_m2
ID,Area_m2
ID,Area_m2
ID,Area_m2
ID,Area_m2
ID,Area_m2
ID,Area_m2
ID,Area_m2
ID,Area_m2
ID,Area_m2
ID,Area_m2
ID,Area_m2
ID,Area_m2
ID,Area_m2
ID,Area_m2
ID,Area_m2
ID,Area_m2
ID,Area_m2
ID,Area_m2
ID,Area_m2
ID,Area_m2
ID,Area_m2
ID,Area_m2
ID,Area_m2
ID,Area_m2
ID,Area_m2
ID,Area_m2
ID,Area_m2
ID,Area_m2
ID,Area_m2
ID,Area_m2
ID,Area_m2
ID,Area_m2
ID,Area_m2
ID,Area_m2
ID,Area_m2
ID,Area_m2
ID,Area_m2
ID,Area_m2
ID,Area_m2
ID,Area_m2
ID,Area_m2
ID,Area_m2
ID,Area_m2
ID,Area_m2
ID,Area_m2
ID,Area_m2
ID,Area_m2
ID,Area_m2
ID,Area_m2
ID,Area_m2
ID,Area_m2
ID,Area_m2
ID,Area_m2
ID,Area_m2
ID,Area_m2
ID,Area_m2
ID,Area_m2
ID,Area_m2
ID,Area_m2
ID,Area_m2
ID,Area_m2
ID,Area_m2
ID,Area_m2
ID,Area_m2
ID,Area_m2
ID,Area_m2
ID,Area_m2
ID,Area_m2
ID,Area_m2
ID,Area_m2
ID,Area_m2
ID,Area_m2
ID,Area_m2
ID,Area_m2
ID,Area_m2
ID,Area_m2
ID,Area_m2
ID,Area_m2
ID,Area_m2
ID,Area_m2
ID,Area_m2
ID,Area_m2
ID,Area_m2
ID,Area_m2
ID,Area_m2
ID,Area_m2
ID,Area_m2
ID,Area_m2
ID,Area_m2
ID,Area_m2
ID,Area_m2
ID,Area_m2
ID,Area_m2
ID,Area_m2
ID,Area_m2
ID,Area_m2
ID,Area_m2
ID,Area_m2
ID,Area_m2
ID,Area_m2
ID,Area_m2
ID,Area_m2
ID,Area_m2
ID,Area_m2
ID,Area_m2
ID,Area_m2
ID,Area_m2
ID,Area_m2
ID,Area_m2
ID,Area_m2
ID,Area_m2
ID,Area_m2
ID,Area_m2
ID,Area_m2
ID,Area_m2
ID,Area_m2
ID,Area_m2
ID,Area_m2
ID,Area_m2
ID,Area_m2
ID,Area_m2
ID,Area_m2
ID,Area_m2
ID,Area_m2
ID,Area_m2
ID,Area_m2
ID,Area_m2
ID,Area_m2
ID,Area_m2
ID,Area_m2
ID,Area_m2
ID,Area_m2
ID,Area_m2
ID,Area_m2
ID,Area_m2
ID,Area_m2
ID,Area_m2
ID,Area_m2
ID,Area_m2
ID,Area_m2
ID,Area_m2
ID,Area_m2
ID,Area_m2
ID,Area_m2
ID,Area_m2
ID,Area_m2
ID,Area_m2
ID,Area_m2
ID,Area_m2
ID,Area_m2
ID,Area_m2
ID,Area_m2
ID,Area_m2
ID,Area_m2
ID,Area_m2
ID,Area_m2
ID,Area_m2
ID,Area_m2
ID,Area_m2
ID,Area_m2
ID,Area_m2
ID,Area_m2
ID,Area_m2
ID,Area_m2
ID,Area_m2
ID,Area_m2
ID,Area_m2
ID,Area_m2
ID,Area_m2
ID,Area_m2
ID,Area_m2
ID,Area_m2
ID,Area_m2
ID,Area_m2
ID,Area_m2
ID,Area_m2
ID,Area_m2
ID,Area_m2
ID,Area_m2
ID,Area_m2
ID,Area_m2
ID,Area_m2
ID,Area_m2
ID,Area_m2
ID,Area_m2
ID,Area_m2
ID,Area_m2
ID,Area_m2
ID,Area_m2
ID,Area_m2
ID,Area_m2
ID,Area_m2
ID,Area_m2
ID,Area_m2
ID,Area_m2
ID,Area_m2
ID,Area_m2
ID,Area_m2
ID,Area_m2
ID,Area_m2
ID,Area_m2
ID,Area_m2
ID,Area_m2
ID,Area_m2
ID,Area_m2
ID,Area_m2
ID,Area_m2
ID,Area_m2
ID,Area_m2
ID,Area_m2
ID,Area_m2
ID,Area_m2
ID,Area_m2
ID,Area_m2
ID,Area_m2
ID,Area_m2
ID,Area_m2
ID,Area_m2
ID,Area_m2
ID,Area_m2
ID,Area_m2
ID,Area_m2
ID,Area_m2
ID,Area_m2
ID,Area_m2
ID,Area_m2
ID,Area_m2
ID,Area_m2
ID,Area_m2
ID,Area_m2
ID,Area_m2
ID,Area_m2
ID,Area_m2
ID,Area_m2
ID,Area_m2
ID,Area_m2
ID,Area_m2
ID,Area_m2
ID,Area_m2
ID,Area_m2
ID,Area_m2
ID,Area_m2
ID,Area_m2
ID,Area_m2
ID,Area_m2
ID,Area_m2
ID,Area_m2
ID,Area_m2
ID,Area_m2
ID,Area_m2
ID,Area_m2
ID,Area_m2
ID,Area_m2
ID,Area_m2
ID,Area_m2
ID,Area_m2
ID,Area_m2
ID,Area_m2
ID,Area_m2
ID,Area_m2
ID,Area_m2
ID,Area_m2
ID,Area_m2
ID,Area_m2
ID,Area_m2
ID,Area_m2
ID,Area_m2
ID,Area_m2
ID,Area_m2
ID,Area_m2
ID,Area_m2
ID,Area_m2
ID,Area_m2
ID,Area_m2
ID,Area_m2
ID,Area_m2
ID,Area_m2
ID,Area_m2
ID,Area_m2
ID,Area_m2
ID,Area_m2
ID,Area_m2
ID,Area_m2
ID,Area_m2
ID,Area_m2
ID,Area_m2
ID,Area_m2
ID,Area_m2
ID,Area_m2
ID,Area_m2
ID,Area_m2
ID,Area_m2
ID,Area_m2
ID,Area_m2
ID,Area_m2
ID,Area_m2
ID,Area_m2
ID,Area_m2
ID,Area_m2
ID,Area_m2
ID,Area_m2
ID,Area_m2
ID,Area_m2
ID,Area_m2
ID,Area_m2
ID,Area_m2
ID,Area_m2
ID,Area_m2
ID,Area_m2
ID,Area_m2
ID,Area_m2
ID,Area_m2
ID,Area_m2
ID,Area_m2
ID,Area_m2
ID,Area_m2
ID,Area_m2
ID,Area_m2
ID,Area_m2
ID,Area_m2
ID,Area_m2
ID,Area_m2
ID,Area_m2
ID,Area_m2
ID,Area_m2
ID,Area_m2
ID,Area_m2
ID,Area_m2
ID,Area_m2
ID,Area_m2
ID,Area_m2
ID,Area_m2
ID,Area_m2
ID,Area_m2
ID,Area_m2
ID,Area_m2
ID,Area_m2
ID,Area_m2
ID,Area_m2
ID,Area_m2
ID,Area_m2
ID,Area_m2
ID,Area_m2
ID,Area_m2
ID,Area_m2
ID,Area_m2
ID,Area_m2
ID,Area_m2
ID,Area_m2
ID,Area_m2
ID,Area_m2
ID,Area_m2
ID,Area_m2
ID,Area_m2
ID,Area_m2
ID,Area_m2
ID,Area_m2
ID,Area_m2
ID,Area_m2
ID,Area_m2
ID,Area_m2
ID,Area_m2
ID,Area_m2
ID,Area_m2
ID,Area_m2
ID,Area_m2
ID,Area_m2
ID,Area_m2
ID,Area_m2
ID,Area_m2
ID,Area_m2
ID,Area_m2
ID,Area_m2
ID,Area_m2
ID,Area_m2
ID,Area_m2
ID,Area_m2
ID,Area_m2
ID,Area_m2
ID,Area_m2
ID,Area_m2
ID,Area_m2
ID,Area_m2
ID,Area_m2
ID,Area_m2
ID,Area_m2
ID,Area_m2
ID,Area_m2
ID,Area_m2
ID,Area_m2
ID,Area_m2
ID,Area_m2
ID,Area_m2
ID,Area_m2
ID,Area_m2
ID,Area_m2
ID,Area_m2
ID,Area_m2
ID,Area_m2
ID,Area_m2
ID,Area_m2
ID,Area_m2
ID,Area_m2
ID,Area_m2
ID,Area_m2
ID,Area_m2
ID,Area_m2
ID,Area_m2
ID,Area_m2
ID,Area_m2
ID,Area_m2
ID,Area_m2
ID,Area_m2
ID,Area_m2
ID,Area_m2
ID,Area_m2
ID,Area_m2
ID,Area_m2
ID,Area_m2
ID,Area_m2
ID,Area_m2
ID,Area_m2
ID,Area_m2
ID,Area_m2
ID,Area_m2
ID,Area_m2
ID,Area_m2
ID,Area_m2
ID,Area_m2
ID,Area_m2
ID,Area_m2
ID,Area_m2
ID,Area_m2
ID,Area_m2
ID,Area_m2
ID,Area_m2
ID,Area_m2
ID,Area_m2
ID,Area_m2
ID,Area_m2
ID,Area_m2
ID,Area_m2
ID,Area_m2
ID,Area_m2
ID,Area_m2
ID,Area_m2
ID,Area_m2
ID,Area_m2
ID,Area_m2
ID,Area_m2
ID,Area_m2
ID,Area_m2
ID,Area_m2
ID,Area_m2
ID,Area_m2
ID,Area_m2
ID,Area_m2
ID,Area_m2
ID,Area_m2
ID,Area_m2
ID,Area_m2
ID,Area_m2
ID,Area_m2
ID,Area_m2
ID,Area_m2
ID,Area_m2
ID,Area_m2
ID,Area_m2
ID,Area_m2
ID,Area_m2
ID,Area_m2
ID,Area_m2
ID,Area_m2
ID,Area_m2
ID,Area_m2
ID,Area_m2
ID,Area_m2
ID,Area_m2
ID,Area_m2
ID,Area_m2
ID,Area_m2
ID,Area_m2
ID,Area_m2
ID,Area_m2
ID,Area_m2
ID,Area_m2
ID,Area_m2
ID,Area_m2
ID,Area_m2
ID,Area_m2
ID,Area_m2
ID,Area_m2
ID,Area_m2
ID,Area_m2
ID,Area_m2
ID,Area_m2
ID,Area_m2
ID,Area_m2
ID,Area_m2
ID,Area_m2
ID,Area_m2
ID,Area_m2
ID,Area_m2
ID,Area_m2
ID,Area_m2
ID,Area_m2
ID,Area_m2
ID,Area_m2
ID,Area_m2
ID,Area_m2
ID,Area_m2
ID,Area_m2
ID,Area_m2
ID,Area_m2
ID,Area_m2
ID,Area_m2
ID,Area_m2
ID,Area_m2
ID,Area_m2
ID,Area_m2
ID,Area_m2
ID,Area_m2
ID,Area_m2
ID,Area_m2
ID,Area_m2
ID,Area_m2
ID,Area_m2
ID,Area_m2
ID,Area_m2
ID,Area_m2
ID,Area_m2
ID,Area_m2
ID,Area_m2
ID,Area_m2
ID,Area_m2
ID,Area_m2
ID,Area_m2
ID,Area_m2
ID,Area_m2
ID,Area_m2
ID,Area_m2
ID,Area_m2
ID,Area_m2
ID,Area_m2
ID,Area_m2
ID,Area_m2
ID,Area_m2
ID,Area_m2
ID,Area_m2
ID,Area_m2
ID,Area_m2
ID,Area_m2
ID,Area_m2
ID,Area_m2
ID,Area_m2
ID,Area_m2
ID,Area_m2
ID,Area_m2
ID,Area_m2
ID,Area_m2
ID,Area_m2
ID,Area_m2
ID,Area_m2
ID,Area_m2
ID,Area_m2
ID,Area_m2
ID,Area_m2
ID,Area_m2
ID,Area_m2
ID,Area_m2
ID,Area_m2
ID,Area_m2
ID,Area_m2
ID,Area_m2
ID,Area_m2
ID,Area_m2
ID,Area_m2
ID,Area_m2
ID,Area_m2
ID,Area_m2
ID,Area_m2
ID,Area_m2
ID,Area_m2
ID,Area_m2
ID,Area_m2
ID,Area_m2
ID,Area_m2
ID,Area_m2
ID,Area_m2
ID,Area_m2
ID,Area_m2
ID,Area_m2
ID,Area_m2
ID,Area_m2
ID,Area_m2
ID,Area_m2
ID,Area_m2
ID,Area_m2
ID,Area_m2
ID,Area_m2
ID,Area_m2
ID,Area_m2
ID,Area_m2
ID,Area_m2
ID,Area_m2
ID,Area_m2
ID,Area_m2
ID,Area_m2
ID,Area_m2
ID,Area_m2
ID,Area_m2
ID,Area_m2
ID,Area_m2
ID,Area_m2
ID,Area_m2
ID,Area_m2
ID,Area_m2
ID,Area_m2
ID,Area_m2
ID,Area_m2
ID,Area_m2
ID,Area_m2
ID,Area_m2
ID,Area_m2
ID,Area_m2
ID,Area_m2
ID,Area_m2
ID,Area_m2
ID,Area_m2
ID,Area_m2
ID,Area_m2
ID,Area_m2
ID,Area_m2
ID,Area_m2
ID,Area_m2
ID,Area_m2
ID,Area_m2
ID,Area_m2
ID,Area_m2
ID,Area_m2
ID,Area_m2
ID,Area_m2
ID,Area_m2
ID,Area_m2
ID,Area_m2
ID,Area_m2
ID,Area_m2
ID,Area_m2
ID,Area_m2
ID,Area_m2
ID,Area_m2
ID,Area_m2
ID,Area_m2
ID,Area_m2
ID,Area_m2
ID,Area_m2
ID,Area_m2
ID,Area_m2
ID,Area_m2
ID,Area_m2
ID,Area_m2
ID,Area_m2
ID,Area_m2
ID,Area_m2
ID,Area_m2
ID,Area_m2
ID,Area_m2
ID,Area_m2
ID,Area_m2
ID,Area_m2
ID,Area_m2
ID,Area_m2
ID,Area_m2
ID,Area_m2
ID,Area_m2
ID,Area_m2
ID,Area_m2
ID,Area_m2
ID,Area_m2
ID,Area_m2
ID,Area_m2
ID,Area_m2
ID,Area_m2
ID,Area_m2
ID,Area_m2
ID,Area_m2
ID,Area_m2
ID,Area_m2
ID,Area_m2
ID,Area_m2
ID,Area_m2
ID,Area_m2
ID,Area_m2
ID,Area_m2
ID,Area_m2
ID,Area_m2
ID,Area_m2
ID,Area_m2
ID,Area_m2
ID,Area_m2
ID,Area_m2
ID,Area_m2
ID,Area_m2
ID,Area_m2
ID,Area_m2
ID,Area_m2
ID,Area_m2
ID,Area_m2
ID,Area_m2
ID,Area_m2
ID,Area_m2
ID,Area_m2
ID,Area_m2
ID,Area_m2
ID,Area_m2
ID,Area_m2
ID,Area_m2
ID,Area_m2
ID,Area_m2
ID,Area_m2
ID,Area_m2
ID,Area_m2
ID,Area_m2
ID,Area_m2
ID,Area_m2
ID,Area_m2
ID,Area_m2
ID,Area_m2
ID,Area_m2
ID,Area_m2
ID,Area_m2
ID,Area_m2
ID,Area_m2
ID,Area_m2
ID,Area_m2
ID,Area_m2
ID,Area_m2
ID,Area_m2
ID,Area_m2
ID,Area_m2
ID,Area_m2
ID,Area_m2
ID,Area_m2
ID,Area_m2
ID,Area_m2
ID,Area_m2
ID,Area_m2
ID,Area_m2
ID,Area_m2
ID,Area_m2
ID,Area_m2
ID,Area_m2
ID,Area_m2
ID,Area_m2
ID,Area_m2
ID,Area_m2
ID,Area_m2
ID,Area_m2
ID,Area_m2
ID,Area_m2
ID,Area_m2
ID,Area_m2
ID,Area_m2
ID,Area_m2
ID,Area_m2
ID,Area_m2
ID,Area_m2
ID,Area_m2
ID,Area_m2
ID,Area_m2
ID,Area_m2
ID,Area_m2
ID,Area_m2
ID,Area_m2
ID,Area_m2
ID,Area_m2
ID,Area_m2
ID,Area_m2
ID,Area_m2
ID,Area_m2
ID,Area_m2
ID,Area_m2
ID,Area_m2
ID,Area_m2
ID,Area_m2
ID,Area_m2
ID,Area_m2
ID,Area_m2
ID,Area_m2
ID,Area_m2
ID,Area_m2
ID,Area_m2
ID,Area_m2
ID,Area_m2
ID,Area_m2
ID,Area_m2
ID,Area_m2
ID,Area_m2
ID,Area_m2
ID,Area_m2
ID,Area_m2
ID,Area_m2
ID,Area_m2
ID,Area_m2
ID,Area_m2
ID,Area_m2
ID,Area_m2
ID,Area_m2
ID,Area_m2
ID,Area_m2
ID,Area_m2
ID,Area_m2
ID,Area_m2
ID,Area_m2
ID,Area_m2
ID,Area_m2
ID,Area_m2
ID,Area_m2
ID,Area_m2
ID,Area_m2
ID,Area_m2
ID,Area_m2
ID,Area_m2
ID,Area_m2
ID,Area_m2
ID,Area_m2
ID,Area_m2
ID,Area_m2
ID,Area_m2
ID,Area_m2
ID,Area_m2
ID,Area_m2
ID,Area_m2
ID,Area_m2
ID,Area_m2
ID,Area_m2
ID,Area_m2
ID,Area_m2
ID,Area_m2
ID,Area_m2
ID,Area_m2
ID,Area_m2
ID,Area_m2
ID,Area_m2
ID,Area_m2
ID,Area_m2
ID,Area_m2
ID,Area_m2
ID,Area_m2
ID,Area_m2
ID,Area_m2
ID,Area_m2
ID,Area_m2
ID,Area_m2
ID,Area_m2
ID,Area_m2
ID,Area_m2
ID,Area_m2
ID,Area_m2
ID,Area_m2
ID,Area_m2
ID,Area_m2
ID,Area_m2
ID,Area_m2
ID,Area_m2
ID,Area_m2
ID,Area_m2
ID,Area_m2
ID,Area_m2
ID,Area_m2
ID,Area_m2
ID,Area_m2
ID,Area_m2
ID,Area_m2
ID,Area_m2
ID,Area_m2
ID,Area_m2
ID,Area_m2
ID,Area_m2
ID,Area_m2
ID,Area_m2
ID,Area_m2
ID,Area_m2
ID,Area_m2
ID,Area_m2
ID,Area_m2
ID,Area_m2
ID,Area_m2
ID,Area_m2
ID,Area_m2
ID,Area_m2
ID,Area_m2
ID,Area_m2
ID,Area_m2
ID,Area_m2
ID,Area_m2
ID,Area_m2
ID,Area_m2
ID,Area_m2
ID,Area_m2
ID,Area_m2
ID,Area_m2
ID,Area_m2
ID,Area_m2
ID,Area_m2
ID,Area_m2
ID,Area_m2
ID,Area_m2
ID,Area_m2
ID,Area_m2
ID,Area_m2
ID,Area_m2
ID,Area_m2
ID,Area_m2
ID,Area_m2
ID,Area_m2
ID,Area_m2
ID,Area_m2
ID,Area_m2
ID,Area_m2
ID,Area_m2
ID,Area_m2
ID,Area_m2
ID,Area_m2
ID,Area_m2
ID,Area_m2
ID,Area_m2
ID,Area_m2
ID,Area_m2
ID,Area_m2
ID,Area_m2
ID,Area_m2
ID,Area_m2
ID,Area_m2
ID,Area_m2
ID,Area_m2
ID,Area_m2
ID,Area_m2
ID,Area_m2
ID,Area_m2
ID,Area_m2
ID,Area_m2
ID,Area_m2
ID,Area_m2
ID,Area_m2
ID,Area_m2
ID,Area_m2
ID,Area_m2
ID,Area_m2
ID,Area_m2
ID,Area_m2
ID,Area_m2
ID,Area_m2
ID,Area_m2
ID,Area_m2
ID,Area_m2
ID,Area_m2
ID,Area_m2
ID,Area_m2
ID,Area_m2
ID,Area_m2
ID,Area_m2
ID,Area_m2
ID,Area_m2
ID,Area_m2
ID,Area_m2
ID,Area_m2
ID,Area_m2
ID,Area_m2
ID,Area_m2
ID,Area_m2
ID,Area_m2
ID,Area_m2
ID,Area_m2
ID,Area_m2
ID,Area_m2
ID,Area_m2
ID,Area_m2
ID,Area_m2
ID,Area_m2
ID,Area_m2
ID,Area_m2
ID,Area_m2
ID,Area_m2
ID,Area_m2
ID,Area_m2
ID,Area_m2
ID,Area_m2
ID,Area_m2
ID,Area_m2
ID,Area_m2
ID,Area_m2
ID,Area_m2
ID,Area_m2
ID,Area_m2
ID,Area_m2
ID,Area_m2
ID,Area_m2
ID,Area_m2
ID,Area_m2
ID,Area_m2
ID,Area_m2
ID,Area_m2
ID,Area_m2
ID,Area_m2
ID,Area_m2
ID,Area_m2
ID,Area_m2
ID,Area_m2
ID,Area_m2
ID,Area_m2
ID,Area_m2
ID,Area_m2
ID,Area_m2
ID,Area_m2
ID,Area_m2
ID,Area_m2
ID,Area_m2
ID,Area_m2
ID,Area_m2
ID,Area_m2
ID,Area_m2
ID,Area_m2
ID,Area_m2
ID,Area_m2
ID,Area_m2
ID,Area_m2
ID,Area_m2
ID,Area_m2
ID,Area_m2
ID,Area_m2
ID,Area_m2
ID,Area_m2
ID,Area_m2
ID,Area_m2
ID,Area_m2
ID,Area_m2
ID,Area_m2
ID,Area_m2
ID,Area_m2
ID,Area_m2
ID,Area_m2
ID,Area_m2
ID,Area_m2
ID,Area_m2
ID,Area_m2
ID,Area_m2
ID,Area_m2
ID,Area_m2
ID,Area_m2
ID,Area_m2
ID,Area_m2
ID,Area_m2
ID,Area_m2
ID,Area_m2
ID,Area_m2
ID,Area_m2
ID,Area_m2
ID,Area_m2
ID,Area_m2
ID,Area_m2
ID,Area_m2
ID,Area_m2
ID,Area_m2
ID,Area_m2
ID,Area_m2
ID,Area_m2
ID,Area_m2
ID,Area_m2
ID,Area_m2
ID,Area_m2
ID,Area_m2
ID,Area_m2
ID,Area_m2
ID,Area_m2
ID,Area_m2
ID,Area_m2
ID,Area_m2
ID,Area_m2
ID,Area_m2
ID,Area_m2
ID,Area_m2
ID,Area_m2
ID,Area_m2
ID,Area_m2
ID,Area_m2
ID,Area_m2
ID,Area_m2
ID,Area_m2
ID,Area_m2
ID,Area_m2
ID,Area_m2
ID,Area_m2
ID,Area_m2
ID,Area_m2
ID,Area_m2
ID,Area_m2
ID,Area_m2
ID,Area_m2
ID,Area_m2
ID,Area_m2
ID,Area_m2
ID,Area_m2
ID,Area_m2
ID,Area_m2
ID,Area_m2
ID,Area_m2
ID,Area_m2
ID,Area_m2
ID,Area_m2
ID,Area_m2
ID,Area_m2
ID,Area_m2
ID,Area_m2
ID,Area_m2
ID,Area_m2
ID,Area_m2
ID,Area_m2
ID,Area_m2
ID,Area_m2
ID,Area_m2
ID,Area_m2
ID,Area_m2
ID,Area_m2
ID,Area_m2
ID,Area_m2
ID,Area_m2
ID,Area_m2
ID,Area_m2
ID,Area_m2
ID,Area_m2
ID,Area_m2
ID,Area_m2
ID,Area_m2
ID,Area_m2
ID,Area_m2
ID,Area_m2
ID,Area_m2
ID,Area_m2
ID,Area_m2
ID,Area_m2
ID,Area_m2
ID,Area_m2
ID,Area_m2
ID,Area_m2
ID,Area_m2
ID,Area_m2
ID,Area_m2
ID,Area_m2
ID,Area_m2
ID,Area_m2
ID,Area_m2
ID,Area_m2
ID,Area_m2
ID,Area_m2
ID,Area_m2
ID,Area_m2
ID,Area_m2
ID,Area_m2
ID,Area_m2
ID,Area_m2
ID,Area_m2
ID,Area_m2
ID,Area_m2
ID,Area_m2
ID,Area_m2
ID,Area_m2
ID,Area_m2
ID,Area_m2
ID,Area_m2
ID,Area_m2
ID,Area_m2
ID,Area_m2
ID,Area_m2
ID,Area_m2
ID,Area_m2
ID,Area_m2
ID,Area_m2
ID,Area_m2
ID,Area_m2
ID,Area_m2
ID,Area_m2
ID,Area_m2
ID,Area_m2
ID,Area_m2
ID,Area_m2
ID,Area_m2
ID,Area_m2
ID,Area_m2
ID,Area_m2
ID,Area_m2
ID,Area_m2
ID,Area_m2
ID,Area_m2
ID,Area_m2
ID,Area_m2
ID,Area_m2
ID,Area_m2
ID,Area_m2
ID,Area_m2
ID,Area_m2
ID,Area_m2
ID,Area_m2
ID,Area_m2
ID,Area_m2
ID,Area_m2
ID,Area_m2
ID,Area_m2
ID,Area_m2
ID,Area_m2
ID,Area_m2
ID,Area_m2
ID,Area_m2
ID,Area_m2
ID,Area_m2
ID,Area_m2
ID,Area_m2
ID,Area_m2
ID,Area_m2
ID,Area_m2
ID,Area_m2
ID,Area_m2
ID,Area_m2
ID,Area_m2
ID,Area_m2
ID,Area_m2
ID,Area_m2
ID,Area_m2
ID,Area_m2
ID,Area_m2
ID,Area_m2
ID,Area_m2
ID,Area_m2
ID,Area_m2
ID,Area_m2
ID,Area_m2
ID,Area_m2
ID,Area_m2
ID,Area_m2
ID,Area_m2
ID,Area_m2
ID,Area_m2
ID,Area_m2
ID,Area_m2
ID,Area_m2
ID,Area_m2
ID,Area_m2
ID,Area_m2
ID,Area_m2
ID,Area_m2
ID,Area_m2
ID,Area_m2
ID,Area_m2
ID,Area_m2
ID,Area_m2
ID,Area_m2
ID,Area_m2
ID,Area_m2
ID,Area_m2
ID,Area_m2
ID,Area_m2
ID,Area_m2
ID,Area_m2
ID,Area_m2
ID,Area_m2
ID,Area_m2
ID,Area_m2
ID,Area_m2
ID,Area_m2
ID,Area_m2
ID,Area_m2
ID,Area_m2
ID,Area_m2
ID,Area_m2
ID,Area_m2
ID,Area_m2
ID,Area_m2
ID,Area_m2
ID,Area_m2
ID,Area_m2
ID,Area_m2
ID,Area_m2
ID,Area_m2
ID,Area_m2
ID,Area_m2
ID,Area_m2
ID,Area_m2
ID,Area_m2
ID,Area_m2
ID,Area_m2
ID,Area_m2
ID,Area_m2
ID,Area_m2
ID,Area_m2
ID,Area_m2
ID,Area_m2
ID,Area_m2
ID,Area_m2
ID,Area_m2
ID,Area_m2
ID,Area_m2
ID,Area_m2
ID,Area_m2
ID,Area_m2
ID,Area_m2
ID,Area_m2
ID,Area_m2
ID,Area_m2
ID,Area_m2
ID,Area_m2
ID,Area_m2
ID,Area_m2
ID,Area_m2
ID,Area_m2
ID,Area_m2
ID,Area_m2
ID,Area_m2
ID,Area_m2
ID,Area_m2
ID,Area_m2
ID,Area_m2
ID,Area_m2
ID,Area_m2
ID,Area_m2
ID,Area_m2
ID,Area_m2
ID,Area_m2
ID,Area_m2
ID,Area_m2
ID,Area_m2
ID,Area_m2
ID,Area_m2
ID,Area_m2
ID,Area_m2
ID,Area_m2
ID,Area_m2
ID,Area_m2
ID,Area_m2
ID,Area_m2
ID,Area_m2
ID,Area_m2
ID,Area_m2
ID,Area_m2
ID,Area_m2
ID,Area_m2
ID,Area_m2
ID,Area_m2
ID,Area_m2
ID,Area_m2
ID,Area_m2
ID,Area_m2
ID,Area_m2
ID,Area_m2
ID,Area_m2
ID,Area_m2
ID,Area_m2
ID,Area_m2
ID,Area_m2
ID,Area_m2
ID,Area_m2
ID,Area_m2
ID,Area_m2
ID,Area_m2
ID,Area_m2
ID,Area_m2
ID,Area_m2
ID,Area_m2
ID,Area_m2
ID,Area_m2
ID,Area_m2
ID,Area_m2
ID,Area_m2
ID,Area_m2
ID,Area_m2
ID,Area_m2
ID,Area_m2
ID,Area_m2
ID,Area_m2
ID,Area_m2
ID,Area_m2
ID,Area_m2
ID,Area_m2
ID,Area_m2
ID,Area_m2
ID,Area_m2
ID,Area_m2
ID,Area_m2
ID,Area_m2
ID,Area_m2
ID,Area_m2
ID,Area_m2
ID,Area_m2
ID,Area_m2
ID,Area_m2
ID,Area_m2
ID,Area_m2
ID,Area_m2
ID,Area_m2
ID,Area_m2
ID,Area_m2
ID,Area_m2
ID,Area_m2
ID,Area_m2
ID,Area_m2
ID,Area_m2
ID,Area_m2
ID,Area_m2
ID,Area_m2
ID,Area_m2
ID,Area_m2
ID,Area_m2
ID,Area_m2
ID,Area_m2
ID,Area_m2
ID,Area_m2
ID,Area_m2
ID,Area_m2
ID,Area_m2
ID,Area_m2
ID,Area_m2
ID,Area_m2
ID,Area_m2
ID,Area_m2
ID,Area_m2
ID,Area_m2
ID,Area_m2
ID,Area_m2
ID,Area_m2
ID,Area_m2
ID,Area_m2
ID,Area_m2
ID,Area_m2
ID,Area_m2
ID,Area_m2
ID,Area_m2
ID,Area_m2
ID,Area_m2
ID,Area_m2
ID,Area_m2
ID,Area_m2
ID,Area_m2
ID,Area_m2
ID,Area_m2
ID,Area_m2
ID,Area_m2
ID,Area_m2
ID,Area_m2
ID,Area_m2
ID,Area_m2
ID,Area_m2
ID,Area_m2
ID,Area_m2
ID,Area_m2
ID,Area_m2
ID,Area_m2
ID,Area_m2
ID,Area_m2
ID,Area_m2
ID,Area_m2
ID,Area_m2
ID,Area_m2
ID,Area_m2
ID,Area_m2
ID,Area_m2
ID,Area_m2
ID,Area_m2
ID,Area_m2
ID,Area_m2
ID,Area_m2
ID,Area_m2
ID,Area_m2
ID,Area_m2
ID,Area_m2
ID,Area_m2
ID,Area_m2
ID,Area_m2
ID,Area_m2
ID,Area_m2
ID,Area_m2
ID,Area_m2
ID,Area_m2
ID,Area_m2
ID,Area_m2
ID,Area_m2
ID,Area_m2
ID,Area_m2
ID,Area_m2
ID,Area_m2
ID,Area_m2
ID,Area_m2
ID,Area_m2
ID,Area_m2
ID,Area_m2
ID,Area_m2
ID,Area_m2
ID,Area_m2
ID,Area_m2
ID,Area_m2
ID,Area_m2
ID,Area_m2
ID,Area_m2
ID,Area_m2
ID,Area_m2
ID,Area_m2
ID,Area_m2
ID,Area_m2
ID,Area_m2
ID,Area_m2
ID,Area_m2
ID,Area_m2
ID,Area_m2
ID,Area_m2
ID,Area_m2
ID,Area_m2
ID,Area_m2
ID,Area_m2
ID,Area_m2
ID,Area_m2
ID,Area_m2
ID,Area_m2
ID,Area_m2
ID,Area_m2
ID,Area_m2
ID,Area_m2
ID,Area_m2
ID,Area_m2
ID,Area_m2
ID,Area_m2
ID,Area_m2
ID,Area_m2
ID,Area_m2
ID,Area_m2
ID,Area_m2
ID,Area_m2
ID,Area_m2
ID,Area_m2
ID,Area_m2
ID,Area_m2
ID,Area_m2
ID,Area_m2
ID,Area_m2
ID,Area_m2
ID,Area_m2
ID,Area_m2
ID,Area_m2
ID,Area_m2
ID,Area_m2
ID,Area_m2
ID,Area_m2
ID,Area_m2
ID,Area_m2
ID,Area_m2
ID,Area_m2
ID,Area_m2
ID,Area_m2
ID,Area_m2
ID,Area_m2
ID,Area_m2
ID,Area_m2
ID,Area_m2
ID,Area_m2
ID,Area_m2
ID,Area_m2
ID,Area_m2
ID,Area_m2
ID,Area_m2
ID,Area_m2
ID,Area_m2
ID,Area_m2
ID,Area_m2
ID,Area_m2
ID,Area_m2
ID,Area_m2
ID,Area_m2
ID,Area_m2
ID,Area_m2
ID,Area_m2
ID,Area_m2
ID,Area_m2
ID,Area_m2
ID,Area_m2
ID,Area_m2
ID,Area_m2
ID,Area_m2
ID,Area_m2
ID,Area_m2
ID,Area_m2
ID,Area_m2
ID,Area_m2
ID,Area_m2
ID,Area_m2
ID,Area_m2
ID,Area_m2
ID,Area_m2
ID,Area_m2
ID,Area_m2
ID,Area_m2
ID,Area_m2
ID,Area_m2
ID,Area_m2
ID,Area_m2
ID,Area_m2
ID,Area_m2
ID,Area_m2
ID,Area_m2
ID,Area_m2
ID,Area_m2
ID,Area_m2
ID,Area_m2
ID,Area_m2
ID,Area_m2
ID,Area_m2
ID,Area_m2
ID,Area_m2
ID,Area_m2
ID,Area_m2
ID,Area_m2
ID,Area_m2
ID,Area_m2
ID,Area_m2
ID,Area_m2
ID,Area_m2
ID,Area_m2
ID,Area_m2
ID,Area_m2
ID,Area_m2
ID,Area_m2
ID,Area_m2
ID,Area_m2
ID,Area_m2
ID,Area_m2
ID,Area_m2
ID,Area_m2
ID,Area_m2
ID,Area_m2
ID,Area_m2
ID,Area_m2
ID,Area_m2
ID,Area_m2
ID,Area_m2
ID,Area_m2
ID,Area_m2
ID,Area_m2
ID,Area_m2
ID,Area_m2
ID,Area_m2
ID,Area_m2
ID,Area_m2
ID,Area_m2
ID,Area_m2
ID,Area_m2
ID,Area_m2
ID,Area_m2
ID,Area_m2
ID,Area_m2
ID,Area_m2
ID,Area_m2
ID,Area_m2
ID,Area_m2
ID,Area_m2
ID,Area_m2
ID,Area_m2
ID,Area_m2
ID,Area_m2
ID,Area_m2
ID,Area_m2
ID,Area_m2
ID,Area_m2
ID,Area_m2
ID,Area_m2
ID,Area_m2
ID,Area_m2
ID,Area_m2
ID,Area_m2
ID,Area_m2
ID,Area_m2
ID,Area_m2
ID,Area_m2
ID,Area_m2
ID,Area_m2
ID,Area_m2
ID,Area_m2
ID,Area_m2
ID,Area_m2
ID,Area_m2
ID,Area_m2
ID,Area_m2
ID,Area_m2
ID,Area_m2
ID,Area_m2
ID,Area_m2
ID,Area_m2
ID,Area_m2
ID,Area_m2
ID,Area_m2
ID,Area_m2
ID,Area_m2
ID,Area_m2
ID,Area_m2
ID,Area_m2
ID,Area_m2
ID,Area_m2
ID,Area_m2
ID,Area_m2
ID,Area_m2
ID,Area_m2
ID,Area_m2
ID,Area_m2
ID,Area_m2
ID,Area_m2
ID,Area_m2
ID,Area_m2
ID,Area_m2
ID,Area_m2
ID,Area_m2
ID,Area_m2
ID,Area_m2
ID,Area_m2
ID,Area_m2
ID,Area_m2
ID,Area_m2
ID,Area_m2
ID,Area_m2
ID,Area_m2
ID,Area_m2
ID,Area_m2
ID,Area_m2
ID,Area_m2
ID,Area_m2
ID,Area_m2
ID,Area_m2
ID,Area_m2
ID,Area_m2
ID,Area_m2
ID,Area_m2
ID,Area_m2
ID,Area_m2
ID,Area_m2
ID,Area_m2
ID,Area_m2
ID,Area_m2
ID,Area_m2
ID,Area_m2
ID,Area_m2
ID,Area_m2
ID,Area_m2
ID,Area_m2
ID,Area_m2
ID,Area_m2
ID,Area_m2
ID,Area_m2
ID,Area_m2
ID,Area_m2
ID,Area_m2
ID,Area_m2
ID,Area_m2
ID,Area_m2
ID,Area_m2
ID,Area_m2
ID,Area_m2
ID,Area_m2
ID,Area_m2
ID,Area_m2
ID,Area_m2
ID,Area_m2
ID,Area_m2
ID,Area_m2
ID,Area_m2
ID,Area_m2
ID,Area_m2
ID,Area_m2
ID,Area_m2
ID,Area_m2
ID,Area_m2
ID,Area_m2
ID,Area_m2
ID,Area_m2
ID,Area_m2
ID,Area_m2
ID,Area_m2
ID,Area_m2
ID,Area_m2
ID,Area_m2
ID,Area_m2
ID,Area_m2
ID,Area_m2
ID,Area_m2
ID,Area_m2
ID,Area_m2
ID,Area_m2
ID,Area_m2
ID,Area_m2
ID,Area_m2
ID,Area_m2
ID,Area_m2
ID,Area_m2
ID,Area_m2
ID,Area_m2
ID,Area_m2
ID,Area_m2
ID,Area_m2
ID,Area_m2
ID,Area_m2
ID,Area_m2
ID,Area_m2
ID,Area_m2
ID,Area_m2
ID,Area_m2
ID,Area_m2
ID,Area_m2
ID,Area_m2
ID,Area_m2
ID,Area_m2
ID,Area_m2
ID,Area_m2
ID,Area_m2
ID,Area_m2
ID,Area_m2
ID,Area_m2
ID,Area_m2
ID,Area_m2
ID,Area_m2
ID,Area_m2
ID,Area_m2
ID,Area_m2
ID,Area_m2
ID,Area_m2
ID,Area_m2
ID,Area_m2
ID,Area_m2
ID,Area_m2
ID,Area_m2
ID,Area_m2
ID,Area_m2
ID,Area_m2
ID,Area_m2
ID,Area_m2
ID,Area_m2
ID,Area_m2
ID,Area_m2
ID,Area_m2
ID,Area_m2
ID,Area_m2
ID,Area_m2
ID,Area_m2
ID,Area_m2
ID,Area_m2
ID,Area_m2
ID,Area_m2
ID,Area_m2
ID,Area_m2
ID,Area_m2
ID,Area_m2
ID,Area_m2
ID,Area_m2
ID,Area_m2
ID,Area_m2
ID,Area_m2
ID,Area_m2
ID,Area_m2
ID,Area_m2
ID,Area_m2
ID,Area_m2
ID,Area_m2
ID,Area_m2
ID,Area_m2
ID,Area_m2
ID,Area_m2
ID,Area_m2
ID,Area_m2
ID,Area_m2
ID,Area_m2
ID,Area_m2
ID,Area_m2
ID,Area_m2
ID,Area_m2
ID,Area_m2
ID,Area_m2
ID,Area_m2
ID,Area_m2
ID,Area_m2
ID,Area_m2
ID,Area_m2
ID,Area_m2
ID,Area_m2
ID,Area_m2
ID,Area_m2
ID,Area_m2
ID,Area_m2
ID,Area_m2
ID,Area_m2
ID,Area_m2
ID,Area_m2
ID,Area_m2
ID,Area_m2
ID,Area_m2
ID,Area_m2
ID,Area_m2
ID,Area_m2
ID,Area_m2
ID,Area_m2
ID,Area_m2
ID,Area_m2
ID,Area_m2
ID,Area_m2
ID,Area_m2
ID,Area_m2
ID,Area_m2
ID,Area_m2
ID,Area_m2
ID,Area_m2
ID,Area_m2
ID,Area_m2
ID,Area_m2
ID,Area_m2
ID,Area_m2
ID,Area_m2
ID,Area_m2
ID,Area_m2
ID,Area_m2
ID,Area_m2
ID,Area_m2
ID,Area_m2
ID,Area_m2
ID,Area_m2
ID,Area_m2
ID,Area_m2
ID,Area_m2
ID,Area_m2
ID,Area_m2
ID,Area_m2
ID,Area_m2
ID,Area_m2
ID,Area_m2
ID,Area_m2
ID,Area_m2
ID,Area_m2
ID,Area_m2
ID,Area_m2
ID,Area_m2
ID,Area_m2
ID,Area_m2
ID,Area_m2
ID,Area_m2
ID,Area_m2
ID,Area_m2
ID,Area_m2
ID,Area_m2
ID,Area_m2
ID,Area_m2
ID,Area_m2
ID,Area_m2
ID,Area_m2
ID,Area_m2
ID,Area_m2
ID,Area_m2
ID,Area_m2
ID,Area_m2
ID,Area_m2
ID,Area_m2
ID,Area_m2
ID,Area_m2
ID,Area_m2
ID,Area_m2
ID,Area_m2
ID,Area_m2
ID,Area_m2
ID,Area_m2
ID,Area_m2
ID,Area_m2
ID,Area_m2
ID,Area_m2
ID,Area_m2
ID,Area_m2
ID,Area_m2
ID,Area_m2
ID,Area_m2
ID,Area_m2
ID,Area_m2
ID,Area_m2
ID,Area_m2
ID,Area_m2
ID,Area_m2
ID,Area_m2
ID,Area_m2
ID,Area_m2
ID,Area_m2
ID,Area_m2
ID,Area_m2
ID,Area_m2
ID,Area_m2
ID,Area_m2
ID,Area_m2
ID,Area_m2
ID,Area_m2
ID,Area_m2
ID,Area_m2
ID,Area_m2
ID,Area_m2
ID,Area_m2
ID,Area_m2
ID,Area_m2
ID,Area_m2
ID,Area_m2
ID,Area_m2
ID,Area_m2
ID,Area_m2
ID,Area_m2
ID,Area_m2
ID,Area_m2
ID,Area_m2
ID,Area_m2
ID,Area_m2
ID,Area_m2
ID,Area_m2
ID,Area_m2
ID,Area_m2
ID,Area_m2
ID,Area_m2
ID,Area_m2
ID,Area_m2
ID,Area_m2
ID,Area_m2
ID,Area_m2
ID,Area_m2
ID,Area_m2
ID,Area_m2
ID,Area_m2
ID,Area_m2
ID,Area_m2
ID,Area_m2
ID,Area_m2
ID,Area_m2
ID,Area_m2
ID,Area_m2
ID,Area_m2
ID,Area_m2
ID,Area_m2
ID,Area_m2
ID,Area_m2
ID,Area_m2
ID,Area_m2
ID,Area_m2
ID,Area_m2
ID,Area_m2
ID,Area_m2
ID,Area_m2
ID,Area_m2
ID,Area_m2
ID,Area_m2
ID,Area_m2
ID,Area_m2
ID,Area_m2
ID,Area_m2
ID,Area_m2
ID,Area_m2
ID,Area_m2
ID,Area_m2
ID,Area_m2
ID,Area_m2
ID,Area_m2
ID,Area_m2
ID,Area_m2
ID,Area_m2
ID,Area_m2
ID,Area_m2
ID,Area_m2
ID,Area_m2
ID,Area_m2
ID,Area_m2
ID,Area_m2
ID,Area_m2
ID,Area_m2
ID,Area_m2
ID,Area_m2
ID,Area_m2
ID,Area_m2
ID,Area_m2
ID,Area_m2
ID,Area_m2
ID,Area_m2
ID,Area_m2
ID,Area_m2
ID,Area_m2
ID,Area_m2
ID,Area_m2
ID,Area_m2
ID,Area_m2
ID,Area_m2
ID,Area_m2
ID,Area_m2
ID,Area_m2
ID,Area_m2
ID,Area_m2
ID,Area_m2
ID,Area_m2
ID,Area_m2
ID,Area_m2
ID,Area_m2
ID,Area_m2
ID,Area_m2
ID,Area_m2
ID,Area_m2
ID,Area_m2
ID,Area_m2
ID,Area_m2
ID,Area_m2
ID,Area_m2
ID,Area_m2
ID,Area_m2
ID,Area_m2
ID,Area_m2
ID,Area_m2
ID,Area_m2
ID,Area_m2
ID,Area_m2
ID,Area_m2
ID,Area_m2
ID,Area_m2
ID,Area_m2
ID,Area_m2
ID,Area_m2
ID,Area_m2
ID,Area_m2
ID,Area_m2
ID,Area_m2
ID,Area_m2
ID,Area_m2
ID,Area_m2
ID,Area_m2
ID,Area_m2
ID,Area_m2
ID,Area_m2
ID,Area_m2
ID,Area_m2
ID,Area_m2
ID,Area_m2
ID,Area_m2
ID,Area_m2
ID,Area_m2
ID,Area_m2
ID,Area_m2
ID,Area_m2
ID,Area_m2
ID,Area_m2
ID,Area_m2
ID,Area_m2
ID,Area_m2
ID,Area_m2
ID,Area_m2
ID,Area_m2
ID,Area_m2
ID,Area_m2
ID,Area_m2
ID,Area_m2
ID,Area_m2
ID,Area_m2
ID,Area_m2
ID,Area_m2
ID,Area_m2
ID,Area_m2
ID,Area_m2
ID,Area_m2
ID,Area_m2
ID,Area_m2
ID,Area_m2
ID,Area_m2
ID,Area_m2
ID,Area_m2
ID,Area_m2
ID,Area_m2
ID,Area_m2
ID,Area_m2
ID,Area_m2
ID,Area_m2
ID,Area_m2
ID,Area_m2
ID,Area_m2
ID,Area_m2
ID,Area_m2
ID,Area_m2
ID,Area_m2
ID,Area_m2
ID,Area_m2
ID,Area_m2
ID,Area_m2
ID,Area_m2
ID,Area_m2
ID,Area_m2
ID,Area_m2
ID,Area_m2
ID,Area_m2
ID,Area_m2
ID,Area_m2
ID,Area_m2
ID,Area_m2
ID,Area_m2
ID,Area_m2
ID,Area_m2
ID,Area_m2
ID,Area_m2
ID,Area_m2
ID,Area_m2
ID,Area_m2
ID,Area_m2
ID,Area_m2
ID,Area_m2
ID,Area_m2
ID,Area_m2
ID,Area_m2
ID,Area_m2
ID,Area_m2
ID,Area_m2
ID,Area_m2
ID,Area_m2
ID,Area_m2
ID,Area_m2
ID,Area_m2
ID,Area_m2
ID,Area_m2
ID,Area_m2
ID,Area_m2
ID,Area_m2
ID,Area_m2
ID,Area_m2
ID,Area_m2
ID,Area_m2
ID,Area_m2
ID,Area_m2
ID,Area_m2
ID,Area_m2
ID,Area_m2
ID,Area_m2
ID,Area_m2
ID,Area_m2
ID,Area_m2
ID,Area_m2
ID,Area_m2
ID,Area_m2
ID,Area_m2
ID,Area_m2
ID,Area_m2
ID,Area_m2
ID,Area_m2
ID,Area_m2
ID,Area_m2
ID,Area_m2
ID,Area_m2
ID,Area_m2
ID,Area_m2
ID,Area_m2
ID,Area_m2
ID,Area_m2
ID,Area_m2
ID,Area_m2
ID,Area_m2
ID,Area_m2
ID,Area_m2
ID,Area_m2
ID,Area_m2
ID,Area_m2
ID,Area_m2
ID,Area_m2
ID,Area_m2
ID,Area_m2
ID,Area_m2
ID,Area_m2
ID,Area_m2
ID,Area_m2
ID,Area_m2
ID,Area_m2
ID,Area_m2
ID,Area_m2
ID,Area_m2
ID,Area_m2
ID,Area_m2
ID,Area_m2
ID,Area_m2
ID,Area_m2
ID,Area_m2
ID,Area_m2
ID,Area_m2
ID,Area_m2
ID,Area_m2
ID,Area_m2
ID,Area_m2
ID,Area_m2
ID,Area_m2
ID,Area_m2
ID,Area_m2
ID,Area_m2
ID,Area_m2
ID,Area_m2
ID,Area_m2
ID,Area_m2
ID,Area_m2
ID,Area_m2
ID,Area_m2
ID,Area_m2
ID,Area_m2
ID,Area_m2
ID,Area_m2
ID,Area_m2
ID,Area_m2
ID,Area_m2
ID,Area_m2
ID,Area_m2
ID,Area_m2
ID,Area_m2
ID,Area_m2
ID,Area_m2
ID,Area_m2
ID,Area_m2
ID,Area_m2
ID,Area_m2
ID,Area_m2
ID,Area_m2
ID,Area_m2
ID,Area_m2
ID,Area_m2
ID,Area_m2
ID,Area_m2
ID,Area_m2
ID,Area_m2
ID,Area_m2
ID,Area_m2
ID,Area_m2
ID,Area_m2
ID,Area_m2
ID,Area_m2
ID,Area_m2
ID,Area_m2
ID,Area_m2
ID,Area_m2
ID,Area_m2
ID,Area_m2
ID,Area_m2
ID,Area_m2
ID,Area_m2
ID,Area_m2
ID,Area_m2
ID,Area_m2
ID,Area_m2
ID,Area_m2
ID,Area_m2
ID,Area_m2
ID,Area_m2
ID,Area_m2
ID,Area_m2
ID,Area_m2
ID,Area_m2
ID,Area_m2
ID,Area_m2
ID,Area_m2
ID,Area_m2
ID,Area_m2
ID,Area_m2
ID,Area_m2
ID,Area_m2
ID,Area_m2
ID,Area_m2
ID,Area_m2
ID,Area_m2
ID,Area_m2
ID,Area_m2
ID,Area_m2
ID,Area_m2
ID,Area_m2
ID,Area_m2
ID,Area_m2
ID,Area_m2
ID,Area_m2
ID,Area_m2
ID,Area_m2
ID,Area_m2
ID,Area_m2
ID,Area_m2
ID,Area_m2
ID,Area_m2
ID,Area_m2
ID,Area_m2
ID,Area_m2
ID,Area_m2
ID,Area_m2
ID,Area_m2
ID,Area_m2
ID,Area_m2
ID,Area_m2
ID,Area_m2
ID,Area_m2
ID,Area_m2
ID,Area_m2
ID,Area_m2
ID,Area_m2
ID,Area_m2
ID,Area_m2
ID,Area_m2
ID,Area_m2
ID,Area_m2
ID,Area_m2
ID,Area_m2
ID,Area_m2
ID,Area_m2
ID,Area_m2
ID,Area_m2
ID,Area_m2
ID,Area_m2
ID,Area_m2
ID,Area_m2
ID,Area_m2
ID,Area_m2
ID,Area_m2
ID,Area_m2
ID,Area_m2
ID,Area_m2
ID,Area_m2
ID,Area_m2
ID,Area_m2
ID,Area_m2
ID,Area_m2
ID,Area_m2
ID,Area_m2
ID,Area_m2
ID,Area_m2
ID,Area_m2
ID,Area_m2
ID,Area_m2
ID,Area_m2
ID,Area_m2
ID,Area_m2
ID,Area_m2
ID,Area_m2
ID,Area_m2
ID,Area_m2
ID,Area_m2
ID,Area_m2
ID,Area_m2
ID,Area_m2
ID,Area_m2
ID,Area_m2
ID,Area_m2
ID,Area_m2
ID,Area_m2
ID,Area_m2
ID,Area_m2
ID,Area_m2
ID,Area_m2
ID,Area_m2
ID,Area_m2
ID,Area_m2
ID,Area_m2
ID,Area_m2
ID,Area_m2
ID,Area_m2
ID,Area_m2
ID,Area_m2
ID,Area_m2
ID,Area_m2
ID,Area_m2
ID,Area_m2
ID,Area_m2
ID,Area_m2
ID,Area_m2
ID,Area_m2
ID,Area_m2
ID,Area_m2
ID,Area_m2
ID,Area_m2
ID,Area_m2
ID,Area_m2
ID,Area_m2
ID,Area_m2
ID,Area_m2
ID,Area_m2
ID,Area_m2
ID,Area_m2
ID,Area_m2
ID,Area_m2
ID,Area_m2
ID,Area_m2
ID,Area_m2
ID,Area_m2
ID,Area_m2
ID,Area_m2
ID,Area_m2
ID,Area_m2
ID,Area_m2
ID,Area_m2
ID,Area_m2
ID,Area_m2
ID,Area_m2
ID,Area_m2
ID,Area_m2
ID,Area_m2
ID,Area_m2
ID,Area_m2
ID,Area_m2
ID,Area_m2
ID,Area_m2
ID,Area_m2
ID,Area_m2
ID,Area_m2
ID,Area_m2
ID,Area_m2
ID,Area_m2
ID,Area_m2
ID,Area_m2
ID,Area_m2
ID,Area_m2
ID,Area_m2
ID,Area_m2
ID,Area_m2
ID,Area_m2
ID,Area_m2
ID,Area_m2
ID,Area_m2
ID,Area_m2
ID,Area_m2
ID,Area_m2
ID,Area_m2
ID,Area_m2
ID,Area_m2
ID,Area_m2
ID,Area_m2
ID,Area_m2
ID,Area_m2
ID,Area_m2
ID,Area_m2
ID,Area_m2
ID,Area_m2
ID,Area_m2
ID,Area_m2
ID,Area_m2
ID,Area_m2
ID,Area_m2
ID,Area_m2
ID,Area_m2
ID,Area_m2
ID,Area_m2
ID,Area_m2
ID,Area_m2
ID,Area_m2
ID,Area_m2
ID,Area_m2
ID,Area_m2
ID,Area_m2
ID,Area_m2
ID,Area_m2
ID,Area_m2
ID,Area_m2
ID,Area_m2
ID,Area_m2
ID,Area_m2
ID,Area_m2
ID,Area_m2
ID,Area_m2
ID,Area_m2
ID,Area_m2
ID,Area_m2
ID,Area_m2
ID,Area_m2
ID,Area_m2
ID,Area_m2
ID,Area_m2
ID,Area_m2
ID,Area_m2
ID,Area_m2
ID,Area_m2
ID,Area_m2
ID,Area_m2
ID,Area_m2
ID,Area_m2
ID,Area_m2
ID,Area_m2
ID,Area_m2
ID,Area_m2
ID,Area_m2
ID,Area_m2
ID,Area_m2
ID,Area_m2
ID,Area_m2
ID,Area_m2
ID,Area_m2
ID,Area_m2
ID,Area_m2
ID,Area_m2
ID,Area_m2
ID,Area_m2
ID,Area_m2
ID,Area_m2
ID,Area_m2
ID,Area_m2
ID,Area_m2
ID,Area_m2
ID,Area_m2
ID,Area_m2
ID,Area_m2
ID,Area_m2
ID,Area_m2
ID,Area_m2
ID,Area_m2
ID,Area_m2
ID,Area_m2
ID,Area_m2
ID,Area_m2
ID,Area_m2
ID,Area_m2
ID,Area_m2
ID,Area_m2
ID,Area_m2
ID,Area_m2
ID,Area_m2
ID,Area_m2
ID,Area_m2
ID,Area_m2
ID,Area_m2
ID,Area_m2
ID,Area_m2
ID,Area_m2
ID,Area_m2
ID,Area_m2
ID,Area_m2
ID,Area_m2
ID,Area_m2
ID,Area_m2
ID,Area_m2
ID,Area_m2
ID,Area_m2
ID,Area_m2
ID,Area_m2
ID,Area_m2
ID,Area_m2
ID,Area_m2
ID,Area_m2
ID,Area_m2
ID,Area_m2
ID,Area_m2
ID,Area_m2
ID,Area_m2
ID,Area_m2
ID,Area_m2
ID,Area_m2
ID,Area_m2
ID,Area_m2
ID,Area_m2
ID,Area_m2
ID,Area_m2
ID,Area_m2
ID,Area_m2
ID,Area_m2
ID,Area_m2
ID,Area_m2
ID,Area_m2
ID,Area_m2
ID,Area_m2
ID,Area_m2
ID,Area_m2
ID,Area_m2
ID,Area_m2
ID,Area_m2
ID,Area_m2
ID,Area_m2
ID,Area_m2
ID,Area_m2
ID,Area_m2
ID,Area_m2
ID,Area_m2
ID,Area_m2
ID,Area_m2
ID,Area_m2
ID,Area_m2
ID,Area_m2
ID,Area_m2
ID,Area_m2
ID,Area_m2
ID,Area_m2
ID,Area_m2
ID,Area_m2
ID,Area_m2
ID,Area_m2
ID,Area_m2
ID,Area_m2
ID,Area_m2
ID,Area_m2
ID,Area_m2
ID,Area_m2
ID,Area_m2
ID,Area_m2
ID,Area_m2
ID,Area_m2
ID,Area_m2
ID,Area_m2
ID,Area_m2
ID,Area_m2
ID,Area_m2
ID,Area_m2
ID,Area_m2
ID,Area_m2
ID,Area_m2
ID,Area_m2
ID,Area_m2
ID,Area_m2
ID,Area_m2
ID,Area_m2
ID,Area_m2
ID,Area_m2
ID,Area_m2
ID,Area_m2
ID,Area_m2
ID,Area_m2
ID,Area_m2
ID,Area_m2
ID,Area_m2
ID,Area_m2
ID,Area_m2
ID,Area_m2
ID,Area_m2
ID,Area_m2
ID,Area_m2
ID,Area_m2
ID,Area_m2
ID,Area_m2
ID,Area_m2
ID,Area_m2
ID,Area_m2
ID,Area_m2
ID,Area_m2
ID,Area_m2
ID,Area_m2
ID,Area_m2
ID,Area_m2
ID,Area_m2
ID,Area_m2
ID,Area_m2
ID,Area_m2
ID,Area_m2
ID,Area_m2
ID,Area_m2
ID,Area_m2
ID,Area_m2
ID,Area_m2
ID,Area_m2
ID,Area_m2
ID,Area_m2
ID,Area_m2
ID,Area_m2
ID,Area_m2
ID,Area_m2
ID,Area_m2
ID,Area_m2
ID,Area_m2
ID,Area_m2
ID,Area_m2
ID,Area_m2
ID,Area_m2
ID,Area_m2
ID,Area_m2
ID,Area_m2
ID,Area_m2
ID,Area_m2
ID,Area_m2
ID,Area_m2
ID,Area_m2
ID,Area_m2
ID,Area_m2
ID,Area_m2
ID,Area_m2
ID,Area_m2
ID,Area_m2
ID,Area_m2
ID,Area_m2
ID,Area_m2
ID,Area_m2
ID,Area_m2
ID,Area_m2
ID,Area_m2
ID,Area_m2
ID,Area_m2
ID,Area_m2
ID,Area_m2
ID,Area_m2
ID,Area_m2
ID,Area_m2
ID,Area_m2
ID,Area_m2
ID,Area_m2
ID,Area_m2
ID,Area_m2
ID,Area_m2
ID,Area_m2
ID,Area_m2
ID,Area_m2
ID,Area_m2
ID,Area_m2
ID,Area_m2
ID,Area_m2
ID,Area_m2
ID,Area_m2
ID,Area_m2
ID,Area_m2
ID,Area_m2
ID,Area_m2
ID,Area_m2
ID,Area_m2
ID,Area_m2
ID,Area_m2
ID,Area_m2
ID,Area_m2
ID,Area_m2
ID,Area_m2
ID,Area_m2
ID,Area_m2
ID,Area_m2
ID,Area_m2
ID,Area_m2
ID,Area_m2
ID,Area_m2
ID,Area_m2
ID,Area_m2
ID,Area_m2
ID,Area_m2
ID,Area_m2
ID,Area_m2
ID,Area_m2
ID,Area_m2
ID,Area_m2
ID,Area_m2
ID,Area_m2
ID,Area_m2
ID,Area_m2
ID,Area_m2
ID,Area_m2
ID,Area_m2
ID,Area_m2
ID,Area_m2
ID,Area_m2
ID,Area_m2
ID,Area_m2
ID,Area_m2
ID,Area_m2
ID,Area_m2
ID,Area_m2
ID,Area_m2
ID,Area_m2
ID,Area_m2
ID,Area_m2
ID,Area_m2
ID,Area_m2
ID,Area_m2
ID,Area_m2
ID,Area_m2
ID,Area_m2
ID,Area_m2
ID,Area_m2
ID,Area_m2
ID,Area_m2
ID,Area_m2
ID,Area_m2
ID,Area_m2
ID,Area_m2
ID,Area_m2
ID,Area_m2
ID,Area_m2
ID,Area_m2
ID,Area_m2
ID,Area_m2
ID,Area_m2
ID,Area_m2
ID,Area_m2
ID,Area_m2
ID,Area_m2
ID,Area_m2
ID,Area_m2
ID,Area_m2
ID,Area_m2
ID,Area_m2
ID,Area_m2
ID,Area_m2
ID,Area_m2
ID,Area_m2
ID,Area_m2
ID,Area_m2
ID,Area_m2
ID,Area_m2
ID,Area_m2
ID,Area_m2
ID,Area_m2
ID,Area_m2
ID,Area_m2
ID,Area_m2
ID,Area_m2
ID,Area_m2
ID,Area_m2
ID,Area_m2
ID,Area_m2
ID,Area_m2
ID,Area_m2
ID,Area_m2
ID,Area_m2
ID,Area_m2
ID,Area_m2
ID,Area_m2
ID,Area_m2
ID,Area_m2
ID,Area_m2
ID,Area_m2
ID,Area_m2
ID,Area_m2
ID,Area_m2
ID,Area_m2
ID,Area_m2
ID,Area_m2
ID,Area_m2
ID,Area_m2
ID,Area_m2
ID,Area_m2
ID,Area_m2
ID,Area_m2
ID,Area_m2
ID,Area_m2
ID,Area_m2
ID,Area_m2
ID,Area_m2
ID,Area_m2
ID,Area_m2
ID,Area_m2
ID,Area_m2
ID,Area_m2
ID,Area_m2
ID,Area_m2
ID,Area_m2
ID,Area_m2
ID,Area_m2
ID,Area_m2
ID,Area_m2
ID,Area_m2
ID,Area_m2
ID,Area_m2
ID,Area_m2
ID,Area_m2
ID,Area_m2
ID,Area_m2
ID,Area_m2
ID,Area_m2
ID,Area_m2
ID,Area_m2
ID,Area_m2
ID,Area_m2
ID,Area_m2
ID,Area_m2
ID,Area_m2
ID,Area_m2
ID,Area_m2
ID,Area_m2
ID,Area_m2
ID,Area_m2
ID,Area_m2
ID,Area_m2
ID,Area_m2
ID,Area_m2
ID,Area_m2
ID,Area_m2
ID,Area_m2
ID,Area_m2
ID,Area_m2
ID,Area_m2
ID,Area_m2
ID,Area_m2
ID,Area_m2
ID,Area_m2
ID,Area_m2
ID,Area_m2
ID,Area_m2
ID,Area_m2
ID,Area_m2
ID,Area_m2
ID,Area_m2
ID,Area_m2
ID,Area_m2
ID,Area_m2
ID,Area_m2
ID,Area_m2
ID,Area_m2
ID,Area_m2
ID,Area_m2
ID,Area_m2
ID,Area_m2
ID,Area_m2
ID,Area_m2
ID,Area_m2
ID,Area_m2
ID,Area_m2
ID,Area_m2
ID,Area_m2
ID,Area_m2
ID,Area_m2
ID,Area_m2
ID,Area_m2
ID,Area_m2
ID,Area_m2
ID,Area_m2
ID,Area_m2
ID,Area_m2
ID,Area_m2
ID,Area_m2
ID,Area_m2
ID,Area_m2
ID,Area_m2
ID,Area_m2
ID,Area_m2
ID,Area_m2
ID,Area_m2
ID,Area_m2
ID,Area_m2
ID,Area_m2
ID,Area_m2
ID,Area_m2
ID,Area_m2
ID,Area_m2
ID,Area_m2
ID,Area_m2
ID,Area_m2
ID,Area_m2
ID,Area_m2
ID,Area_m2
ID,Area_m2
ID,Area_m2
ID,Area_m2
ID,Area_m2
ID,Area_m2
ID,Area_m2
ID,Area_m2
ID,Area_m2
ID,Area_m2
ID,Area_m2
ID,Area_m2
ID,Area_m2
ID,Area_m2
ID,Area_m2
ID,Area_m2
ID,Area_m2
ID,Area_m2
ID,Area_m2
ID,Area_m2
ID,Area_m2
ID,Area_m2
ID,Area_m2
ID,Area_m2
ID,Area_m2
ID,Area_m2
ID,Area_m2
ID,Area_m2
ID,Area_m2
ID,Area_m2
ID,Area_m2
ID,Area_m2
ID,Area_m2
ID,Area_m2
ID,Area_m2
ID,Area_m2
ID,Area_m2
ID,Area_m2
ID,Area_m2
ID,Area_m2
ID,Area_m2
ID,Area_m2
ID,Area_m2
ID,Area_m2
ID,Area_m2
ID,Area_m2
ID,Area_m2
ID,Area_m2
ID,Area_m2
ID,Area_m2
ID,Area_m2
ID,Area_m2
ID,Area_m2
ID,Area_m2
ID,Area_m2
ID,Area_m2
ID,Area_m2
ID,Area_m2
ID,Area_m2
ID,Area_m2
ID,Area_m2
ID,Area_m2
ID,Area_m2
ID,Area_m2
ID,Area_m2
ID,Area_m2
ID,Area_m2
ID,Area_m2
ID,Area_m2
ID,Area_m2
ID,Area_m2
ID,Area_m2
ID,Area_m2
ID,Area_m2
ID,Area_m2
ID,Area_m2
ID,Area_m2
ID,Area_m2
ID,Area_m2
ID,Area_m2
ID,Area_m2
ID,Area_m2
ID,Area_m2
ID,Area_m2
ID,Area_m2
ID,Area_m2
ID,Area_m2
ID,Area_m2
ID,Area_m2
ID,Area_m2
ID,Area_m2
ID,Area_m2
ID,Area_m2
ID,Area_m2
ID,Area_m2
ID,Area_m2
ID,Area_m2
ID,Area_m2
ID,Area_m2
ID,Area_m2
ID,Area_m2
ID,Area_m2
ID,Area_m2
ID,Area_m2
ID,Area_m2
ID,Area_m2
ID,Area_m2
ID,Area_m2
ID,Area_m2
ID,Area_m2
ID,Area_m2
ID,Area_m2
ID,Area_m2
ID,Area_m2
ID,Area_m2
ID,Area_m2
ID,Area_m2
ID,Area_m2
ID,Area_m2
ID,Area_m2
ID,Area_m2
ID,Area_m2
ID,Area_m2
ID,Area_m2
ID,Area_m2
ID,Area_m2
ID,Area_m2
ID,Area_m2
ID,Area_m2
ID,Area_m2
ID,Area_m2
ID,Area_m2
ID,Area_m2
ID,Area_m2
ID,Area_m2
ID,Area_m2
ID,Area_m2
ID,Area_m2
ID,Area_m2
ID,Area_m2
ID,Area_m2
ID,Area_m2
ID,Area_m2
ID,Area_m2
ID,Area_m2
ID,Area_m2
ID,Area_m2
ID,Area_m2
ID,Area_m2
ID,Area_m2
ID,Area_m2
ID,Area_m2
ID,Area_m2
ID,Area_m2
ID,Area_m2
ID,Area_m2
ID,Area_m2
ID,Area_m2
ID,Area_m2
ID,Area_m2
ID,Area_m2
ID,Area_m2
ID,Area_m2
ID,Area_m2
ID,Area_m2
ID,Area_m2
ID,Area_m2
ID,Area_m2
ID,Area_m2
ID,Area_m2
ID,Area_m2
ID,Area_m2
ID,Area_m2
ID,Area_m2
ID,Area_m2
ID,Area_m2
ID,Area_m2
ID,Area_m2
ID,Area_m2
ID,Area_m2
ID,Area_m2
ID,Area_m2
ID,Area_m2
ID,Area_m2
ID,Area_m2
ID,Area_m2
ID,Area_m2
ID,Area_m2
ID,Area_m2
ID,Area_m2
ID,Area_m2
ID,Area_m2
ID,Area_m2
ID,Area_m2
ID,Area_m2
ID,Area_m2
ID,Area_m2
ID,Area_m2
ID,Area_m2
ID,Area_m2
ID,Area_m2
ID,Area_m2
ID,Area_m2
ID,Area_m2
ID,Area_m2
ID,Area_m2
ID,Area_m2
ID,Area_m2
ID,Area_m2
ID,Area_m2
ID,Area_m2
ID,Area_m2
ID,Area_m2
ID,Area_m2
ID,Area_m2
ID,Area_m2
ID,Area_m2
ID,Area_m2
ID,Area_m2
ID,Area_m2
ID,Area_m2
ID,Area_m2
ID,Area_m2
ID,Area_m2
ID,Area_m2
ID,Area_m2
ID,Area_m2
ID,Area_m2
ID,Area_m2
ID,Area_m2
ID,Area_m2
ID,Area_m2
ID,Area_m2
ID,Area_m2
ID,Area_m2
ID,Area_m2
ID,Area_m2
ID,Area_m2
ID,Area_m2
ID,Area_m2
ID,Area_m2
ID,Area_m2
ID,Area_m2
ID,Area_m2
ID,Area_m2
ID,Area_m2
ID,Area_m2
ID,Area_m2
ID,Area_m2
ID,Area_m2
ID,Area_m2
ID,Area_m2
ID,Area_m2
ID,Area_m2
ID,Area_m2
ID,Area_m2
ID,Area_m2
ID,Area_m2
ID,Area_m2
ID,Area_m2
ID,Area_m2
ID,Area_m2
ID,Area_m2
ID,Area_m2
ID,Area_m2
ID,Area_m2
ID,Area_m2
ID,Area_m2
ID,Area_m2
ID,Area_m2
ID,Area_m2
ID,Area_m2
ID,Area_m2
ID,Area_m2
ID,Area_m2
ID,Area_m2
ID,Area_m2
ID,Area_m2
ID,Area_m2
ID,Area_m2
ID,Area_m2
ID,Area_m2
ID,Area_m2
ID,Area_m2
ID,Area_m2
ID,Area_m2
ID,Area_m2
ID,Area_m2
ID,Area_m2
ID,Area_m2
ID,Area_m2
ID,Area_m2
ID,Area_m2
ID,Area_m2
ID,Area_m2
ID,Area_m2
ID,Area_m2
ID,Area_m2
ID,Area_m2
ID,Area_m2
ID,Area_m2
ID,Area_m2
ID,Area_m2
ID,Area_m2
ID,Area_m2
ID,Area_m2
ID,Area_m2
ID,Area_m2
ID,Area_m2
ID,Area_m2
ID,Area_m2
ID,Area_m2
ID,Area_m2
ID,Area_m2
ID,Area_m2
ID,Area_m2
ID,Area_m2
ID,Area_m2
ID,Area_m2
ID,Area_m2
ID,Area_m2
ID,Area_m2
ID,Area_m2
ID,Area_m2
ID,Area_m2
ID,Area_m2
ID,Area_m2
ID,Area_m2
ID,Area_m2
ID,Area_m2
ID,Area_m2
ID,Area_m2
ID,Area_m2
ID,Area_m2
ID,Area_m2
ID,Area_m2
ID,Area_m2
ID,Area_m2
ID,Area_m2
ID,Area_m2
ID,Area_m2
ID,Area_m2
ID,Area_m2
ID,Area_m2
ID,Area_m2
ID,Area_m2
ID,Area_m2
ID,Area_m2
ID,Area_m2
ID,Area_m2
ID,Area_m2
ID,Area_m2
ID,Area_m2
ID,Area_m2
ID,Area_m2
ID,Area_m2
ID,Area_m2
ID,Area_m2
ID,Area_m2
ID,Area_m2
ID,Area_m2
ID,Area_m2
ID,Area_m2
ID,Area_m2
ID,Area_m2
ID,Area_m2
ID,Area_m2
ID,Area_m2
ID,Area_m2
ID,Area_m2
ID,Area_m2
ID,Area_m2
ID,Area_m2
ID,Area_m2
ID,Area_m2
ID,Area_m2
ID,Area_m2
ID,Area_m2
ID,Area_m2
ID,Area_m2
ID,Area_m2
ID,Area_m2
ID,Area_m2
ID,Area_m2
ID,Area_m2
ID,Area_m2
ID,Area_m2
ID,Area_m2
ID,Area_m2
ID,Area_m2
ID,Area_m2
ID,Area_m2
ID,Area_m2
ID,Area_m2
ID,Area_m2
ID,Area_m2
ID,Area_m2
ID,Area_m2
ID,Area_m2
ID,Area_m2
ID,Area_m2
ID,Area_m2
ID,Area_m2
ID,Area_m2
ID,Area_m2
ID,Area_m2
ID,Area_m2
ID,Area_m2
ID,Area_m2
ID,Area_m2
ID,Area_m2
ID,Area_m2
ID,Area_m2
ID,Area_m2
ID,Area_m2
ID,Area_m2
ID,Area_m2
ID,Area_m2
ID,Area_m2
ID,Area_m2
ID,Area_m2
ID,Area_m2
ID,Area_m2
ID,Area_m2
ID,Area_m2
ID,Area_m2
ID,Area_m2
ID,Area_m2
ID,Area_m2
ID,Area_m2
ID,Area_m2
ID,Area_m2
ID,Area_m2
ID,Area_m2
ID,Area_m2
ID,Area_m2
ID,Area_m2
ID,Area_m2
ID,Area_m2
ID,Area_m2
ID,Area_m2
ID,Area_m2
ID,Area_m2
ID,Area_m2
ID,Area_m2
ID,Area_m2
ID,Area_m2
ID,Area_m2
ID,Area_m2
ID,Area_m2
ID,Area_m2
ID,Area_m2
ID,Area_m2
ID,Area_m2
ID,Area_m2
ID,Area_m2
ID,Area_m2
ID,Area_m2
ID,Area_m2
ID,Area_m2
ID,Area_m2
ID,Area_m2
ID,Area_m2
ID,Area_m2
ID,Area_m2
ID,Area_m2
ID,Area_m2
ID,Area_m2
ID,Area_m2
ID,Area_m2
ID,Area_m2
ID,Area_m2
ID,Area_m2
ID,Area_m2
ID,Area_m2
ID,Area_m2
ID,Area_m2
ID,Area_m2
ID,Area_m2
ID,Area_m2
ID,Area_m2
ID,Area_m2
ID,Area_m2
ID,Area_m2
ID,Area_m2
ID,Area_m2
ID,Area_m2
ID,Area_m2
ID,Area_m2
ID,Area_m2
ID,Area_m2
ID,Area_m2
ID,Area_m2
ID,Area_m2
ID,Area_m2
ID,Area_m2
ID,Area_m2
ID,Area_m2
ID,Area_m2
ID,Area_m2
ID,Area_m2
ID,Area_m2
ID,Area_m2
ID,Area_m2
ID,Area_m2
ID,Area_m2
ID,Area_m2
ID,Area_m2
ID,Area_m2
ID,Area_m2
ID,Area_m2
ID,Area_m2
ID,Area_m2
ID,Area_m2
ID,Area_m2
ID,Area_m2
ID,Area_m2
ID,Area_m2
ID,Area_m2
ID,Area_m2
ID,Area_m2
ID,Area_m2
ID,Area_m2
ID,Area_m2
ID,Area_m2
ID,Area_m2
ID,Area_m2
ID,Area_m2
ID,Area_m2
ID,Area_m2
ID,Area_m2
ID,Area_m2
ID,Area_m2
ID,Area_m2
ID,Area_m2
ID,Area_m2
ID,Area_m2
ID,Area_m2
ID,Area_m2
ID,Area_m2
ID,Area_m2
ID,Area_m2
ID,Area_m2
ID,Area_m2
ID,Area_m2
ID,Area_m2
ID,Area_m2
ID,Area_m2
ID,Area_m2
ID,Area_m2
ID,Area_m2
ID,Area_m2
ID,Area_m2
ID,Area_m2
ID,Area_m2
ID,Area_m2
ID,Area_m2
ID,Area_m2
ID,Area_m2
ID,Area_m2
ID,Area_m2
ID,Area_m2
ID,Area_m2
ID,Area_m2
ID,Area_m2
ID,Area_m2
ID,Area_m2
ID,Area_m2
ID,Area_m2
ID,Area_m2
ID,Area_m2
ID,Area_m2
ID,Area_m2
ID,Area_m2
ID,Area_m2
ID,Area_m2
ID,Area_m2
ID,Area_m2
ID,Area_m2
ID,Area_m2
ID,Area_m2
ID,Area_m2
ID,Area_m2
ID,Area_m2
ID,Area_m2
ID,Area_m2
ID,Area_m2
ID,Area_m2
ID,Area_m2
ID,Area_m2
ID,Area_m2
ID,Area_m2
ID,Area_m2
ID,Area_m2
ID,Area_m2
ID,Area_m2
ID,Area_m2
ID,Area_m2
ID,Area_m2
ID,Area_m2
ID,Area_m2
ID,Area_m2
ID,Area_m2
ID,Area_m2
ID,Area_m2
ID,Area_m2
ID,Area_m2
ID,Area_m2
ID,Area_m2
ID,Area_m2
ID,Area_m2
ID,Area_m2
ID,Area_m2
ID,Area_m2
ID,Area_m2
ID,Area_m2
ID,Area_m2
ID,Area_m2
ID,Area_m2
ID,Area_m2
ID,Area_m2
ID,Area_m2
ID,Area_m2
ID,Area_m2
ID,Area_m2
ID,Area_m2
ID,Area_m2
ID,Area_m2
ID,Area_m2
ID,Area_m2
ID,Area_m2
ID,Area_m2
ID,Area_m2
ID,Area_m2
ID,Area_m2
ID,Area_m2
ID,Area_m2
ID,Area_m2
ID,Area_m2
ID,Area_m2
ID,Area_m2
ID,Area_m2
ID,Area_m2
ID,Area_m2
ID,Area_m2
ID,Area_m2
ID,Area_m2
ID,Area_m2
ID,Area_m2
ID,Area_m2
ID,Area_m2
ID,Area_m2
ID,Area_m2
ID,Area_m2
ID,Area_m2
ID,Area_m2
ID,Area_m2
ID,Area_m2
ID,Area_m2
ID,Area_m2
ID,Area_m2
ID,Area_m2
ID,Area_m2
ID,Area_m2
ID,Area_m2
ID,Area_m2
ID,Area_m2
ID,Area_m2
ID,Area_m2
ID,Area_m2
ID,Area_m2
ID,Area_m2
ID,Area_m2
ID,Area_m2
ID,Area_m2
ID,Area_m2
ID,Area_m2
ID,Area_m2
ID,Area_m2
ID,Area_m2
ID,Area_m2
ID,Area_m2
ID,Area_m2
ID,Area_m2
ID,Area_m2
ID,Area_m2
ID,Area_m2
ID,Area_m2
ID,Area_m2
ID,Area_m2
ID,Area_m2
ID,Area_m2
ID,Area_m2
ID,Area_m2
ID,Area_m2
ID,Area_m2
ID,Area_m2
ID,Area_m2
ID,Area_m2
ID,Area_m2
ID,Area_m2
ID,Area_m2
ID,Area_m2
ID,Area_m2
ID,Area_m2
ID,Area_m2
ID,Area_m2
ID,Area_m2
ID,Area_m2
ID,Area_m2
ID,Area_m2
ID,Area_m2
ID,Area_m2
ID,Area_m2
ID,Area_m2
ID,Area_m2
ID,Area_m2
ID,Area_m2
ID,Area_m2
ID,Area_m2
ID,Area_m2
ID,Area_m2
ID,Area_m2
ID,Area_m2
ID,Area_m2
ID,Area_m2
ID,Area_m2
ID,Area_m2
ID,Area_m2
ID,Area_m2
ID,Area_m2
ID,Area_m2
ID,Area_m2
ID,Area_m2
ID,Area_m2
ID,Area_m2
ID,Area_m2
ID,Area_m2
ID,Area_m2
ID,Area_m2
ID,Area_m2
ID,Area_m2
ID,Area_m2
ID,Area_m2
ID,Area_m2
ID,Area_m2
ID,Area_m2
ID,Area_m2
ID,Area_m2
ID,Area_m2
ID,Area_m2
ID,Area_m2
ID,Area_m2
ID,Area_m2
ID,Area_m2
ID,Area_m2
ID,Area_m2
ID,Area_m2
ID,Area_m2
ID,Area_m2
ID,Area_m2
ID,Area_m2
ID,Area_m2
ID,Area_m2
ID,Area_m2
ID,Area_m2
ID,Area_m2
ID,Area_m2
ID,Area_m2
ID,Area_m2
ID,Area_m2
ID,Area_m2
ID,Area_m2
ID,Area_m2
ID,Area_m2
ID,Area_m2
ID,Area_m2
ID,Area_m2
ID,Area_m2
ID,Area_m2
ID,Area_m2
ID,Area_m2
ID,Area_m2
ID,Area_m2
ID,Area_m2
ID,Area_m2
ID,Area_m2
ID,Area_m2
ID,Area_m2
ID,Area_m2
ID,Area_m2
ID,Area_m2
ID,Area_m2
ID,Area_m2
ID,Area_m2
ID,Area_m2
ID,Area_m2
ID,Area_m2
ID,Area_m2
ID,Area_m2
ID,Area_m2
ID,Area_m2
ID,Area_m2
ID,Area_m2
ID,Area_m2
ID,Area_m2
ID,Area_m2
ID,Area_m2
ID,Area_m2
ID,Area_m2
ID,Area_m2
ID,Area_m2
ID,Area_m2
ID,Area_m2
ID,Area_m2
ID,Area_m2
ID,Area_m2
ID,Area_m2
ID,Area_m2
ID,Area_m2
ID,Area_m2
ID,Area_m2
ID,Area_m2
ID,Area_m2
ID,Area_m2
ID,Area_m2
ID,Area_m2
ID,Area_m2
ID,Area_m2
ID,Area_m2
ID,Area_m2
ID,Area_m2
ID,Area_m2
ID,Area_m2
ID,Area_m2
ID,Area_m2
ID,Area_m2
ID,Area_m2
ID,Area_m2
ID,Area_m2
ID,Area_m2
ID,Area_m2
ID,Area_m2
ID,Area_m2
ID,Area_m2
ID,Area_m2
ID,Area_m2
ID,Area_m2
ID,Area_m2
ID,Area_m2
ID,Area_m2
ID,Area_m2
ID,Area_m2
ID,Area_m2
ID,Area_m2
ID,Area_m2
ID,Area_m2
ID,Area_m2
ID,Area_m2
ID,Area_m2
ID,Area_m2
ID,Area_m2
ID,Area_m2
ID,Area_m2
ID,Area_m2
ID,Area_m2
ID,Area_m2
ID,Area_m2
ID,Area_m2
ID,Area_m2
ID,Area_m2
ID,Area_m2
ID,Area_m2
ID,Area_m2
ID,Area_m2
ID,Area_m2
ID,Area_m2
ID,Area_m2
ID,Area_m2
ID,Area_m2
ID,Area_m2
ID,Area_m2
ID,Area_m2
ID,Area_m2
ID,Area_m2
ID,Area_m2
ID,Area_m2
ID,Area_m2
ID,Area_m2
ID,Area_m2
ID,Area_m2
ID,Area_m2
ID,Area_m2
ID,Area_m2
ID,Area_m2
ID,Area_m2
ID,Area_m2
ID,Area_m2
ID,Area_m2
ID,Area_m2
ID,Area_m2
ID,Area_m2
ID,Area_m2
ID,Area_m2
ID,Area_m2
ID,Area_m2
ID,Area_m2
ID,Area_m2
ID,Area_m2
ID,Area_m2
ID,Area_m2
ID,Area_m2
ID,Area_m2
ID,Area_m2
ID,Area_m2
ID,Area_m2
ID,Area_m2
ID,Area_m2
ID,Area_m2
ID,Area_m2
ID,Area_m2
ID,Area_m2
ID,Area_m2
ID,Area_m2
ID,Area_m2
ID,Area_m2
ID,Area_m2
ID,Area_m2
ID,Area_m2
ID,Area_m2
ID,Area_m2
ID,Area_m2
ID,Area_m2
ID,Area_m2
ID,Area_m2
ID,Area_m2
ID,Area_m2
ID,Area_m2
ID,Area_m2
ID,Area_m2
ID,Area_m2
ID,Area_m2
ID,Area_m2
ID,Area_m2
ID,Area_m2
ID,Area_m2
ID,Area_m2
ID,Area_m2
ID,Area_m2
ID,Area_m2
ID,Area_m2
ID,Area_m2
ID,Area_m2
ID,Area_m2
ID,Area_m2
ID,Area_m2
ID,Area_m2
ID,Area_m2
ID,Area_m2
ID,Area_m2
ID,Area_m2
ID,Area_m2
ID,Area_m2
ID,Area_m2
ID,Area_m2
ID,Area_m2
ID,Area_m2
ID,Area_m2
ID,Area_m2
ID,Area_m2
ID,Area_m2
ID,Area_m2
ID,Area_m2
ID,Area_m2
ID,Area_m2
ID,Area_m2
ID,Area_m2
ID,Area_m2
ID,Area_m2
ID,Area_m2
ID,Area_m2
ID,Area_m2
ID,Area_m2
ID,Area_m2
ID,Area_m2
ID,Area_m2
ID,Area_m2
ID,Area_m2
ID,Area_m2
ID,Area_m2
ID,Area_m2
ID,Area_m2
ID,Area_m2
ID,Area_m2
ID,Area_m2
ID,Area_m2
ID,Area_m2
ID,Area_m2
ID,Area_m2
ID,Area_m2
ID,Area_m2
ID,Area_m2
ID,Area_m2
ID,Area_m2
ID,Area_m2
ID,Area_m2
ID,Area_m2
ID,Area_m2
ID,Area_m2
ID,Area_m2
ID,Area_m2
ID,Area_m2
ID,Area_m2
ID,Area_m2
ID,Area_m2
ID,Area_m2
ID,Area_m2
ID,Area_m2
ID,Area_m2
ID,Area_m2
ID,Area_m2
ID,Area_m2
ID,Area_m2
ID,Area_m2
ID,Area_m2
ID,Area_m2
ID,Area_m2
ID,Area_m2
ID,Area_m2
ID,Area_m2
ID,Area_m2
ID,Area_m2
ID,Area_m2
ID,Area_m2
ID,Area_m2
ID,Area_m2
ID,Area_m2
ID,Area_m2
ID,Area_m2
ID,Area_m2
ID,Area_m2
ID,Area_m2
ID,Area_m2
ID,Area_m2
ID,Area_m2
ID,Area_m2
ID,Area_m2
ID,Area_m2
ID,Area_m2
ID,Area_m2
ID,Area_m2
ID,Area_m2
ID,Area_m2
ID,Area_m2
ID,Area_m2
ID,Area_m2
ID,Area_m2
ID,Area_m2
ID,Area_m2
ID,Area_m2
ID,Area_m2
ID,Area_m2
ID,Area_m2
ID,Area_m2
ID,Area_m2
ID,Area_m2
ID,Area_m2
ID,Area_m2
ID,Area_m2
ID,Area_m2
ID,Area_m2
ID,Area_m2
ID,Area_m2
ID,Area_m2
ID,Area_m2
ID,Area_m2
ID,Area_m2
ID,Area_m2
ID,Area_m2
ID,Area_m2
ID,Area_m2
ID,Area_m2
ID,Area_m2
ID,Area_m2
ID,Area_m2
ID,Area_m2
ID,Area_m2
ID,Area_m2
ID,Area_m2
ID,Area_m2
ID,Area_m2
ID,Area_m2
ID,Area_m2
ID,Area_m2
ID,Area_m2
ID,Area_m2
ID,Area_m2
ID,Area_m2
ID,Area_m2
ID,Area_m2
ID,Area_m2
ID,Area_m2
ID,Area_m2
ID,Area_m2
ID,Area_m2
ID,Area_m2
ID,Area_m2
ID,Area_m2
ID,Area_m2
ID,Area_m2
ID,Area_m2
ID,Area_m2
ID,Area_m2
ID,Area_m2
ID,Area_m2
ID,Area_m2
ID,Area_m2
ID,Area_m2
ID,Area_m2
ID,Area_m2
ID,Area_m2
ID,Area_m2
ID,Area_m2
ID,Area_m2
ID,Area_m2
ID,Area_m2
ID,Area_m2
ID,Area_m2
ID,Area_m2
ID,Area_m2
ID,Area_m2
ID,Area_m2
ID,Area_m2
ID,Area_m2
ID,Area_m2
ID,Area_m2
ID,Area_m2
ID,Area_m2
ID,Area_m2
ID,Area_m2
ID,Area_m2
ID,Area_m2
ID,Area_m2
ID,Area_m2
ID,Area_m2
ID,Area_m2
ID,Area_m2
ID,Area_m2
ID,Area_m2
ID,Area_m2
ID,Area_m2
ID,Area_m2
ID,Area_m2
ID,Area_m2
ID,Area_m2
ID,Area_m2
ID,Area_m2
ID,Area_m2
ID,Area_m2
ID,Area_m2
ID,Area_m2
ID,Area_m2
ID,Area_m2
ID,Area_m2
ID,Area_m2
ID,Area_m2
ID,Area_m2
ID,Area_m2
ID,Area_m2
ID,Area_m2
ID,Area_m2
ID,Area_m2
ID,Area_m2
ID,Area_m2
ID,Area_m2
ID,Area_m2
ID,Area_m2
ID,Area_m2
ID,Area_m2
ID,Area_m2
ID,Area_m2
ID,Area_m2
ID,Area_m2
ID,Area_m2
ID,Area_m2
ID,Area_m2
ID,Area_m2
ID,Area_m2
ID,Area_m2
ID,Area_m2
ID,Area_m2
ID,Area_m2
ID,Area_m2
ID,Area_m2
ID,Area_m2
ID,Area_m2
ID,Area_m2
ID,Area_m2
ID,Area_m2
ID,Area_m2
ID,Area_m2
ID,Area_m2
ID,Area_m2
ID,Area_m2
ID,Area_m2
ID,Area_m2
ID,Area_m2
ID,Area_m2
ID,Area_m2
ID,Area_m2
ID,Area_m2
ID,Area_m2
ID,Area_m2
ID,Area_m2
ID,Area_m2
ID,Area_m2
ID,Area_m2
ID,Area_m2
ID,Area_m2
ID,Area_m2
ID,Area_m2
ID,Area_m2
ID,Area_m2
ID,Area_m2
ID,Area_m2
ID,Area_m2
ID,Area_m2
ID,Area_m2
ID,Area_m2
ID,Area_m2
ID,Area_m2
ID,Area_m2
ID,Area_m2
ID,Area_m2
ID,Area_m2
ID,Area_m2
ID,Area_m2
ID,Area_m2
ID,Area_m2
ID,Area_m2
ID,Area_m2
ID,Area_m2
ID,Area_m2
ID,Area_m2
ID,Area_m2
ID,Area_m2
ID,Area_m2
ID,Area_m2
ID,Area_m2
ID,Area_m2
ID,Area_m2
ID,Area_m2
ID,Area_m2
ID,Area_m2
ID,Area_m2
ID,Area_m2
ID,Area_m2
ID,Area_m2
ID,Area_m2
ID,Area_m2
ID,Area_m2
ID,Area_m2
ID,Area_m2
ID,Area_m2
ID,Area_m2
ID,Area_m2
ID,Area_m2
ID,Area_m2
ID,Area_m2
ID,Area_m2
ID,Area_m2
ID,Area_m2
ID,Area_m2
ID,Area_m2
ID,Area_m2
ID,Area_m2
ID,Area_m2
ID,Area_m2
ID,Area_m2
ID,Area_m2
ID,Area_m2
ID,Area_m2
ID,Area_m2
ID,Area_m2
ID,Area_m2
ID,Area_m2
ID,Area_m2
ID,Area_m2
ID,Area_m2
ID,Area_m2
ID,Area_m2
ID,Area_m2
ID,Area_m2
ID,Area_m2
ID,Area_m2
ID,Area_m2
ID,Area_m2
ID,Area_m2
ID,Area_m2
ID,Area_m2
ID,Area_m2
ID,Area_m2
ID,Area_m2
ID,Area_m2
ID,Area_m2
ID,Area_m2
ID,Area_m2
ID,Area_m2
ID,Area_m2
ID,Area_m2
ID,Area_m2
ID,Area_m2
ID,Area_m2
